brand,model,device_codename,soc_model,soc_name,cpu_layout,core_count,cluster_count,cpu_max_mhz,gpu_name,gpu_platform,battery_mah,charging_w,android_launch,android_max,release_year,support_tier,free_mode,shizuku_mode,root_mode,known_limits,verification
天机,A41 Ultra,a41ultra,SM8450,骁龙8 Gen1,1×X2+3×A710+4×A510,8,3,3000,Adreno 730,kgsl,5000,67,12,14,2022,S,电量/电池温度/内存/传感器/CPU峰值频率,+CPU占用/结温/分核实时频率/输入功率协商/thermal_zone,+GPU频率占用/cooling状态/全sysfs节点,无（真机全验证）,real_device_verified
小米,小米11,venus,SM8350,骁龙888,1×Cortex-X1@2840+3×A78@2420+4×A55@1800,8,3,2840,Adreno 660,kgsl,4600,55,11,14,2021,A,电量/电池温度/内存/传感器/CPU峰值频率,+CPU占用/结温/分核实时频率/输入功率协商/thermal_zone,+GPU频率占用/cooling状态/全sysfs节点,无,static_inferred
小米,小米12,cup,SM8450,骁龙8 Gen1,1×Cortex-X2@3000+3×A710@2500+4×A510@1800,8,3,3000,Adreno 730,kgsl,4500,67,12,15,2022,A,电量/电池温度/内存/传感器/CPU峰值频率,+CPU占用/结温/分核实时频率/输入功率协商/thermal_zone,+GPU频率占用/cooling状态/全sysfs节点,无,static_inferred
小米,小米12S Pro,unicorn,SM8475,骁龙8+ Gen1,1×Cortex-X2@3200+3×A710@2750+4×A510@2000,8,3,3200,Adreno 730,kgsl,4600,120,12,15,2022,A,电量/电池温度/内存/传感器/CPU峰值频率,+CPU占用/结温/分核实时频率/输入功率协商/thermal_zone,+GPU频率占用/cooling状态/全sysfs节点,无,static_inferred
小米,小米13,fuxi,SM8550,骁龙8 Gen2,1×Cortex-X3@3190+2×A715@2800+2×A710@2800+3×A510@2000,8,4,3190,Adreno 740,kgsl,4500,67,13,16,2022,A,电量/电池温度/内存/传感器/CPU峰值频率,+CPU占用/结温/分核实时频率/输入功率协商/thermal_zone,+GPU频率占用/cooling状态/全sysfs节点,无,static_inferred
小米,小米14,houji,SM8650,骁龙8 Gen3,1×Cortex-X4@3300+3×A720@3150+2×A720@2960+2×A520@2270,8,4,3300,Adreno 750,kgsl,4610,90,14,17,2023,A,电量/电池温度/内存/传感器/CPU峰值频率,+CPU占用/结温/分核实时频率/输入功率协商/thermal_zone,+GPU频率占用/cooling状态/全sysfs节点,无,static_inferred
小米,小米15,dada,SM8750,骁龙8 Elite,2×Oryon Prime@4320+6×Oryon Perf@3530,8,2,4320,Adreno 830,kgsl,5400,90,15,18,2024,A,电量/电池温度/内存/传感器/CPU峰值频率,+CPU占用/结温/分核实时频率/输入功率协商/thermal_zone,+GPU频率占用/cooling状态/全sysfs节点,无,static_inferred
Redmi,Redmi K40,alioth,SM8250AC,骁龙870,1×Cortex-A77@3200+3×A77@2420+4×A55@1800,8,3,3200,Adreno 650,kgsl,4520,33,11,14,2021,A,电量/电池温度/内存/传感器/CPU峰值频率,+CPU占用/结温/分核实时频率/输入功率协商/thermal_zone,+GPU频率占用/cooling状态/全sysfs节点,无,static_inferred
Redmi,Redmi K50 至尊版,rubens,SM8475,骁龙8+ Gen1,1×Cortex-X2@3200+3×A710@2750+4×A510@2000,8,3,3200,Adreno 730,kgsl,5000,120,12,15,2022,A,电量/电池温度/内存/传感器/CPU峰值频率,+CPU占用/结温/分核实时频率/输入功率协商/thermal_zone,+GPU频率占用/cooling状态/全sysfs节点,无,static_inferred
Redmi,Redmi K60,mondrian,SM8475,骁龙8+ Gen1,1×Cortex-X2@3200+3×A710@2750+4×A510@2000,8,3,3200,Adreno 730,kgsl,5500,67,13,16,2023,A,电量/电池温度/内存/传感器/CPU峰值频率,+CPU占用/结温/分核实时频率/输入功率协商/thermal_zone,+GPU频率占用/cooling状态/全sysfs节点,无,static_inferred
Redmi,Redmi K60 Pro,socrates,SM8550,骁龙8 Gen2,1×Cortex-X3@3190+2×A715@2800+2×A710@2800+3×A510@2000,8,4,3190,Adreno 740,kgsl,5000,120,13,16,2022,A,电量/电池温度/内存/传感器/CPU峰值频率,+CPU占用/结温/分核实时频率/输入功率协商/thermal_zone,+GPU频率占用/cooling状态/全sysfs节点,无,static_inferred
Redmi,Redmi K70 Pro,,SM8650,骁龙8 Gen3,1×Cortex-X4@3300+3×A720@3150+2×A720@2960+2×A520@2270,8,4,3300,Adreno 750,kgsl,5000,120,14,17,2023,A,电量/电池温度/内存/传感器/CPU峰值频率,+CPU占用/结温/分核实时频率/输入功率协商/thermal_zone,+GPU频率占用/cooling状态/全sysfs节点,代号未核实,static_inferred
Redmi,Redmi K80 Pro,,SM8750,骁龙8 Elite,2×Oryon Prime@4320+6×Oryon Perf@3530,8,2,4320,Adreno 830,kgsl,6000,120,14,18,2024,A,电量/电池温度/内存/传感器/CPU峰值频率,+CPU占用/结温/分核实时频率/输入功率协商/thermal_zone,+GPU频率占用/cooling状态/全sysfs节点,代号未核实,static_inferred
一加,一加9,lemonade,SM8350,骁龙888,1×Cortex-X1@2840+3×A78@2420+4×A55@1800,8,3,2840,Adreno 660,kgsl,4500,65,11,14,2021,A,电量/电池温度/内存/传感器/CPU峰值频率,+CPU占用/结温/分核实时频率/输入功率协商/thermal_zone,+GPU频率占用/cooling状态/全sysfs节点,无,static_inferred
一加,一加9R,lemonades,SM8250AC,骁龙870,1×Cortex-A77@3200+3×A77@2420+4×A55@1800,8,3,3200,Adreno 650,kgsl,4500,65,11,14,2021,A,电量/电池温度/内存/传感器/CPU峰值频率,+CPU占用/结温/分核实时频率/输入功率协商/thermal_zone,+GPU频率占用/cooling状态/全sysfs节点,无,static_inferred
一加,一加10 Pro,,SM8450,骁龙8 Gen1,1×Cortex-X2@3000+3×A710@2500+4×A510@1800,8,3,3000,Adreno 730,kgsl,5000,80,12,15,2022,A,电量/电池温度/内存/传感器/CPU峰值频率,+CPU占用/结温/分核实时频率/输入功率协商/thermal_zone,+GPU频率占用/cooling状态/全sysfs节点,代号未核实,static_inferred
一加,一加11,salami,SM8550,骁龙8 Gen2,1×Cortex-X3@3190+2×A715@2800+2×A710@2800+3×A510@2000,8,4,3190,Adreno 740,kgsl,5000,100,13,16,2023,A,电量/电池温度/内存/传感器/CPU峰值频率,+CPU占用/结温/分核实时频率/输入功率协商/thermal_zone,+GPU频率占用/cooling状态/全sysfs节点,无,static_inferred
一加,一加12,,SM8650,骁龙8 Gen3,1×Cortex-X4@3300+3×A720@3150+2×A720@2960+2×A520@2270,8,4,3300,Adreno 750,kgsl,5400,100,14,17,2023,A,电量/电池温度/内存/传感器/CPU峰值频率,+CPU占用/结温/分核实时频率/输入功率协商/thermal_zone,+GPU频率占用/cooling状态/全sysfs节点,代号未核实,static_inferred
一加,一加13,,SM8750,骁龙8 Elite,2×Oryon Prime@4320+6×Oryon Perf@3530,8,2,4320,Adreno 830,kgsl,6000,100,15,18,2024,A,电量/电池温度/内存/传感器/CPU峰值频率,+CPU占用/结温/分核实时频率/输入功率协商/thermal_zone,+GPU频率占用/cooling状态/全sysfs节点,代号未核实,static_inferred
realme,realme GT,race,SM8350,骁龙888,1×Cortex-X1@2840+3×A78@2420+4×A55@1800,8,3,2840,Adreno 660,kgsl,4500,65,11,14,2021,A,电量/电池温度/内存/传感器/CPU峰值频率,+CPU占用/结温/分核实时频率/输入功率协商/thermal_zone,+GPU频率占用/cooling状态/全sysfs节点,无,static_inferred
realme,realme GT2 Pro,,SM8450,骁龙8 Gen1,1×Cortex-X2@3000+3×A710@2500+4×A510@1800,8,3,3000,Adreno 730,kgsl,5000,65,12,15,2022,A,电量/电池温度/内存/传感器/CPU峰值频率,+CPU占用/结温/分核实时频率/输入功率协商/thermal_zone,+GPU频率占用/cooling状态/全sysfs节点,代号未核实,static_inferred
OPPO,OPPO Find X3 Pro,,SM8350,骁龙888,1×Cortex-X1@2840+3×A78@2420+4×A55@1800,8,3,2840,Adreno 660,kgsl,4500,65,11,14,2021,A,电量/电池温度/内存/传感器/CPU峰值频率,+CPU占用/结温/分核实时频率/输入功率协商/thermal_zone,+GPU频率占用/cooling状态/全sysfs节点,无,static_inferred
OPPO,OPPO Find X5 Pro,,SM8450,骁龙8 Gen1,1×Cortex-X2@3000+3×A710@2500+4×A510@1800,8,3,3000,Adreno 730,kgsl,5000,80,12,15,2022,A,电量/电池温度/内存/传感器/CPU峰值频率,+CPU占用/结温/分核实时频率/输入功率协商/thermal_zone,+GPU频率占用/cooling状态/全sysfs节点,无,static_inferred
OPPO,OPPO Find X7 Ultra,,SM8650,骁龙8 Gen3,1×Cortex-X4@3300+3×A720@3150+2×A720@2960+2×A520@2270,8,4,3300,Adreno 750,kgsl,5000,100,14,17,2024,A,电量/电池温度/内存/传感器/CPU峰值频率,+CPU占用/结温/分核实时频率/输入功率协商/thermal_zone,+GPU频率占用/cooling状态/全sysfs节点,无,static_inferred
vivo,vivo X90 Pro+,,SM8550,骁龙8 Gen2,1×Cortex-X3@3190+2×A715@2800+2×A710@2800+3×A510@2000,8,4,3190,Adreno 740,kgsl,5100,80,13,16,2022,A,电量/电池温度/内存/传感器/CPU峰值频率,+CPU占用/结温/分核实时频率/输入功率协商/thermal_zone,+GPU频率占用/cooling状态/全sysfs节点,代号未核实,static_inferred
vivo,vivo X100 Ultra,,SM8650,骁龙8 Gen3,1×Cortex-X4@3300+3×A720@3150+2×A720@2960+2×A520@2270,8,4,3300,Adreno 750,kgsl,5500,80,14,17,2024,A,电量/电池温度/内存/传感器/CPU峰值频率,+CPU占用/结温/分核实时频率/输入功率协商/thermal_zone,+GPU频率占用/cooling状态/全sysfs节点,代号未核实,static_inferred
iQOO,iQOO 7,,SM8350,骁龙888,1×Cortex-X1@2840+3×A78@2420+4×A55@1800,8,3,2840,Adreno 660,kgsl,4000,120,11,14,2021,A,电量/电池温度/内存/传感器/CPU峰值频率,+CPU占用/结温/分核实时频率/输入功率协商/thermal_zone,+GPU频率占用/cooling状态/全sysfs节点,代号未核实,static_inferred
iQOO,iQOO 9 Pro,,SM8450,骁龙8 Gen1,1×Cortex-X2@3000+3×A710@2500+4×A510@1800,8,3,3000,Adreno 730,kgsl,4500,120,12,15,2022,A,电量/电池温度/内存/传感器/CPU峰值频率,+CPU占用/结温/分核实时频率/输入功率协商/thermal_zone,+GPU频率占用/cooling状态/全sysfs节点,代号未核实,static_inferred
iQOO,iQOO 10 Pro,,SM8475,骁龙8+ Gen1,1×Cortex-X2@3200+3×A710@2750+4×A510@2000,8,3,3200,Adreno 730,kgsl,4700,200,12,15,2022,A,电量/电池温度/内存/传感器/CPU峰值频率,+CPU占用/结温/分核实时频率/输入功率协商/thermal_zone,+GPU频率占用/cooling状态/全sysfs节点,代号未核实,static_inferred
iQOO,iQOO 11,,SM8550,骁龙8 Gen2,1×Cortex-X3@3190+2×A715@2800+2×A710@2800+3×A510@2000,8,4,3190,Adreno 740,kgsl,5000,120,13,16,2022,A,电量/电池温度/内存/传感器/CPU峰值频率,+CPU占用/结温/分核实时频率/输入功率协商/thermal_zone,+GPU频率占用/cooling状态/全sysfs节点,代号未核实,static_inferred
iQOO,iQOO 12,,SM8650,骁龙8 Gen3,1×Cortex-X4@3300+3×A720@3150+2×A720@2960+2×A520@2270,8,4,3300,Adreno 750,kgsl,5000,120,14,17,2023,A,电量/电池温度/内存/传感器/CPU峰值频率,+CPU占用/结温/分核实时频率/输入功率协商/thermal_zone,+GPU频率占用/cooling状态/全sysfs节点,代号未核实,static_inferred
iQOO,iQOO 13,,SM8750,骁龙8 Elite,2×Oryon Prime@4320+6×Oryon Perf@3530,8,2,4320,Adreno 830,kgsl,6150,120,15,18,2024,A,电量/电池温度/内存/传感器/CPU峰值频率,+CPU占用/结温/分核实时频率/输入功率协商/thermal_zone,+GPU频率占用/cooling状态/全sysfs节点,代号未核实,static_inferred
三星,Galaxy S21 Ultra(骁龙版),t2b,SM8350,骁龙888,1×Cortex-X1@2840+3×A78@2420+4×A55@1800,8,3,2840,Adreno 660,kgsl,5000,25,11,15,2021,A,电量/电池温度/内存/传感器/CPU峰值频率,+CPU占用/结温/分核实时频率/输入功率协商/thermal_zone,+GPU频率占用/cooling状态/全sysfs节点,BL锁较严Root比例低;Shizuku可用,static_inferred
三星,Galaxy S22 Ultra(骁龙版),p3q,SM8450,骁龙8 Gen1,1×Cortex-X2@3000+3×A710@2500+4×A510@1800,8,3,3000,Adreno 730,kgsl,5000,45,12,16,2022,A,电量/电池温度/内存/传感器/CPU峰值频率,+CPU占用/结温/分核实时频率/输入功率协商/thermal_zone,+GPU频率占用/cooling状态/全sysfs节点,BL锁较严Root比例低;Shizuku可用,static_inferred
三星,Galaxy S23 Ultra(骁龙版),dm3q,SM8550,骁龙8 Gen2,1×Cortex-X3@3190+2×A715@2800+2×A710@2800+3×A510@2000,8,4,3190,Adreno 740,kgsl,5000,45,13,17,2023,A,电量/电池温度/内存/传感器/CPU峰值频率,+CPU占用/结温/分核实时频率/输入功率协商/thermal_zone,+GPU频率占用/cooling状态/全sysfs节点,BL锁较严Root比例低;Shizuku可用,static_inferred
三星,Galaxy S24 Ultra(骁龙版),e3q,SM8650,骁龙8 Gen3,1×Cortex-X4@3300+3×A720@3150+2×A720@2960+2×A520@2270,8,4,3300,Adreno 750,kgsl,5000,45,14,18,2024,A,电量/电池温度/内存/传感器/CPU峰值频率,+CPU占用/结温/分核实时频率/输入功率协商/thermal_zone,+GPU频率占用/cooling状态/全sysfs节点,BL锁较严Root比例低;Shizuku可用,static_inferred
三星,Galaxy S25 Ultra(骁龙版),g3q,SM8750,骁龙8 Elite,2×Oryon Prime@4320+6×Oryon Perf@3530,8,2,4320,Adreno 830,kgsl,5000,45,15,19,2025,A,电量/电池温度/内存/传感器/CPU峰值频率,+CPU占用/结温/分核实时频率/输入功率协商/thermal_zone,+GPU频率占用/cooling状态/全sysfs节点,BL锁较严Root比例低;Shizuku可用,static_inferred
索尼,Xperia 1 III,,SM8350,骁龙888,1×Cortex-X1@2840+3×A78@2420+4×A55@1800,8,3,2840,Adreno 660,kgsl,4500,30,11,14,2021,A,电量/电池温度/内存/传感器/CPU峰值频率,+CPU占用/结温/分核实时频率/输入功率协商/thermal_zone,+GPU频率占用/cooling状态/全sysfs节点,充电为USB-PD约30W;代号未公开,static_inferred
索尼,Xperia 1 IV,,SM8450,骁龙8 Gen1,1×Cortex-X2@3000+3×A710@2500+4×A510@1800,8,3,3000,Adreno 730,kgsl,5000,30,12,15,2022,A,电量/电池温度/内存/传感器/CPU峰值频率,+CPU占用/结温/分核实时频率/输入功率协商/thermal_zone,+GPU频率占用/cooling状态/全sysfs节点,充电为USB-PD约30W;代号未公开,static_inferred
索尼,Xperia 1 V,,SM8550,骁龙8 Gen2,1×Cortex-X3@3190+2×A715@2800+2×A710@2800+3×A510@2000,8,4,3190,Adreno 740,kgsl,5000,30,13,16,2023,A,电量/电池温度/内存/传感器/CPU峰值频率,+CPU占用/结温/分核实时频率/输入功率协商/thermal_zone,+GPU频率占用/cooling状态/全sysfs节点,充电为USB-PD约30W;代号未公开,static_inferred
索尼,Xperia 1 VI,,SM8650,骁龙8 Gen3,1×Cortex-X4@3300+3×A720@3150+2×A720@2960+2×A520@2270,8,4,3300,Adreno 750,kgsl,5000,30,14,17,2024,A,电量/电池温度/内存/传感器/CPU峰值频率,+CPU占用/结温/分核实时频率/输入功率协商/thermal_zone,+GPU频率占用/cooling状态/全sysfs节点,充电为USB-PD约30W;代号未公开,static_inferred
Moto,Moto Edge X30,,SM8450,骁龙8 Gen1,1×Cortex-X2@3000+3×A710@2500+4×A510@1800,8,3,3000,Adreno 730,kgsl,5000,68,12,15,2021,A,电量/电池温度/内存/传感器/CPU峰值频率,+CPU占用/结温/分核实时频率/输入功率协商/thermal_zone,+GPU频率占用/cooling状态/全sysfs节点,代号未核实,static_inferred
Moto,Moto Edge 40 Pro,,SM8550,骁龙8 Gen2,1×Cortex-X3@3190+2×A715@2800+2×A710@2800+3×A510@2000,8,4,3190,Adreno 740,kgsl,4600,125,13,16,2023,A,电量/电池温度/内存/传感器/CPU峰值频率,+CPU占用/结温/分核实时频率/输入功率协商/thermal_zone,+GPU频率占用/cooling状态/全sysfs节点,代号未核实,static_inferred
Redmi,Redmi Note 12 Turbo,marble,SM7475,骁龙7+ Gen2,1×Cortex-X2@2910+3×A710@2490+4×A510@1800,8,3,2910,Adreno 725,kgsl,5000,67,13,15,2023,A,电量/电池温度/内存/传感器/CPU峰值频率,+CPU占用/结温/分核实时频率/输入功率/thermal_zone,+GPU频率占用/cooling状态/全sysfs节点,BL解锁需等待16天+社区分,static_inferred
POCO,POCO F5,marble,SM7475,骁龙7+ Gen2,1×Cortex-X2@2910+3×A710@2490+4×A510@1800,8,3,2910,Adreno 725,kgsl,5000,67,13,15,2023,A,电量/电池温度/内存/传感器/CPU峰值频率,+CPU占用/结温/分核实时频率/输入功率/thermal_zone,+GPU频率占用/cooling状态/全sysfs节点,BL解锁需等待16天+社区分,static_inferred
realme,realme GT Neo5 SE,,SM7475,骁龙7+ Gen2,1×Cortex-X2@2910+3×A710@2490+4×A510@1800,8,3,2910,Adreno 725,kgsl,5500,100,13,15,2023,A,电量/电池温度/内存/传感器/CPU峰值频率,+CPU占用/结温/分核实时频率/输入功率/thermal_zone,+GPU频率占用/cooling状态/全sysfs节点,BL解锁受限Root率低,static_inferred
OPPO,OPPO Reno8 Pro (国行),,SM7450-AB,骁龙7 Gen1,1×A710@2400+3×A710@2360+4×A510@1800,8,3,2400,Adreno 644,kgsl,4500,80,12,14,2022,A,电量/电池温度/内存/传感器/CPU峰值频率,+CPU占用/结温/分核实时频率/输入功率/thermal_zone,+GPU频率占用/cooling状态/全sysfs节点,BL解锁受限Root率低,static_inferred
小米,小米 Civi 2,,SM7450-AB,骁龙7 Gen1,1×A710@2400+3×A710@2360+4×A510@1800,8,3,2400,Adreno 644,kgsl,4500,67,12,15,2022,A,电量/电池温度/内存/传感器/CPU峰值频率,+CPU占用/结温/分核实时频率/输入功率/thermal_zone,+GPU频率占用/cooling状态/全sysfs节点,BL解锁需等待16天+社区分,static_inferred
荣耀,荣耀 90,,SM7550,骁龙7 Gen3,1×A715@2630+3×A715@2400+4×A510@1800,8,3,2630,Adreno 720,kgsl,5000,66,13,15,2023,A,电量/电池温度/内存/传感器/CPU峰值频率,+CPU占用/结温/分核实时频率/输入功率/thermal_zone,+GPU频率占用/cooling状态/全sysfs节点,无BL解锁Root不可达,static_inferred
荣耀,荣耀 100,,SM7550,骁龙7 Gen3,1×A715@2630+3×A715@2400+4×A510@1800,8,3,2630,Adreno 720,kgsl,5000,100,13,15,2023,A,电量/电池温度/内存/传感器/CPU峰值频率,+CPU占用/结温/分核实时频率/输入功率/thermal_zone,+GPU频率占用/cooling状态/全sysfs节点,无BL解锁Root不可达,static_inferred
荣耀,荣耀 200,,SM7550,骁龙7 Gen3,1×A715@2630+3×A715@2400+4×A510@1800,8,3,2630,Adreno 720,kgsl,5200,100,14,16,2024,A,电量/电池温度/内存/传感器/CPU峰值频率,+CPU占用/结温/分核实时频率/输入功率/thermal_zone,+GPU频率占用/cooling状态/全sysfs节点,无BL解锁Root不可达,static_inferred
Motorola,Motorola Edge 50 Pro,,SM7550,骁龙7 Gen3,1×A715@2630+3×A715@2400+4×A510@1800,8,3,2630,Adreno 720,kgsl,4500,125,14,17,2024,A,电量/电池温度/内存/传感器/CPU峰值频率,+CPU占用/结温/分核实时频率/输入功率/thermal_zone,+GPU频率占用/cooling状态/全sysfs节点,BL可解锁,static_inferred
荣耀,荣耀 50,,SM7325,骁龙778G,1×A78@2400+3×A78@2200+4×A55@1900,8,3,2400,Adreno 642L,kgsl,4300,66,11,13,2021,A,电量/电池温度/内存/传感器/CPU峰值频率,+CPU占用/结温/分核实时频率/输入功率/thermal_zone,+GPU频率占用/cooling状态/全sysfs节点,无BL解锁Root不可达,static_inferred
荣耀,荣耀 60,,SM7325,骁龙778G,1×A78@2400+3×A78@2200+4×A55@1900,8,3,2400,Adreno 642L,kgsl,4800,66,11,13,2021,A,电量/电池温度/内存/传感器/CPU峰值频率,+CPU占用/结温/分核实时频率/输入功率/thermal_zone,+GPU频率占用/cooling状态/全sysfs节点,无BL解锁Root不可达,static_inferred
小米,小米 11 Lite 5G NE,,SM7325,骁龙778G,1×A78@2400+3×A78@2200+4×A55@1900,8,3,2400,Adreno 642L,kgsl,4250,33,11,14,2021,A,电量/电池温度/内存/传感器/CPU峰值频率,+CPU占用/结温/分核实时频率/输入功率/thermal_zone,+GPU频率占用/cooling状态/全sysfs节点,BL解锁需等待16天+社区分,static_inferred
小米,小米 12 Lite,,SM7325,骁龙778G,1×A78@2400+3×A78@2200+4×A55@1900,8,3,2400,Adreno 642L,kgsl,4300,67,12,14,2022,A,电量/电池温度/内存/传感器/CPU峰值频率,+CPU占用/结温/分核实时频率/输入功率/thermal_zone,+GPU频率占用/cooling状态/全sysfs节点,BL解锁需等待16天+社区分,static_inferred
POCO,POCO X5 Pro 5G,,SM7325,骁龙778G,1×A78@2400+3×A78@2200+4×A55@1900,8,3,2400,Adreno 642L,kgsl,5000,67,12,15,2023,A,电量/电池温度/内存/传感器/CPU峰值频率,+CPU占用/结温/分核实时频率/输入功率/thermal_zone,+GPU频率占用/cooling状态/全sysfs节点,BL解锁需等待16天+社区分,static_inferred
Redmi,Redmi Note 12 Pro 极速版,,SM7325,骁龙778G,1×A78@2400+3×A78@2200+4×A55@1900,8,3,2400,Adreno 642L,kgsl,5000,67,12,15,2022,A,电量/电池温度/内存/传感器/CPU峰值频率,+CPU占用/结温/分核实时频率/输入功率/thermal_zone,+GPU频率占用/cooling状态/全sysfs节点,BL解锁需等待16天+社区分,static_inferred
Samsung,Samsung Galaxy A52s 5G,,SM7325,骁龙778G,1×A78@2400+3×A78@2200+4×A55@1900,8,3,2400,Adreno 642L,kgsl,4500,25,11,14,2021,A,电量/电池温度/内存/传感器/CPU峰值频率,+CPU占用/结温/分核实时频率/输入功率/thermal_zone,+GPU频率占用/cooling状态/全sysfs节点,BL解锁触发Knox保修熔断,static_inferred
华为,华为 nova 9,,SM7325,骁龙778G 4G,1×A78@2400+3×A78@2200+4×A55@1900,8,3,2400,Adreno 642L,kgsl,4300,66,11,12,2021,A,电量/电池温度/内存/传感器/CPU峰值频率,+CPU占用/结温/分核实时频率/输入功率/thermal_zone,+GPU频率占用/cooling状态/全sysfs节点,HarmonyOS无GMS;BL锁死Root不可达,static_inferred
华为,华为 nova 10,,SM7325,骁龙778G 4G,1×A78@2400+3×A78@2200+4×A55@1900,8,3,2400,Adreno 642L,kgsl,4000,66,11,12,2022,A,电量/电池温度/内存/传感器/CPU峰值频率,+CPU占用/结温/分核实时频率/输入功率/thermal_zone,+GPU频率占用/cooling状态/全sysfs节点,HarmonyOS无GMS;BL锁死Root不可达,static_inferred
华为,华为 nova 11,,SM7325,骁龙778G 4G,1×A78@2400+3×A78@2200+4×A55@1900,8,3,2400,Adreno 642L,kgsl,4500,66,12,13,2023,A,电量/电池温度/内存/传感器/CPU峰值频率,+CPU占用/结温/分核实时频率/输入功率/thermal_zone,+GPU频率占用/cooling状态/全sysfs节点,HarmonyOS无GMS;BL锁死Root不可达,static_inferred
荣耀,荣耀 70,,SM7325-AE,骁龙778G+,1×A78@2500+3×A78@2200+4×A55@1900,8,3,2500,Adreno 642L,kgsl,4800,66,12,14,2022,A,电量/电池温度/内存/传感器/CPU峰值频率,+CPU占用/结温/分核实时频率/输入功率/thermal_zone,+GPU频率占用/cooling状态/全sysfs节点,无BL解锁Root不可达,static_inferred
荣耀,荣耀 80,,SM7325-AE,骁龙782G,1×A78@2700+3×A78@2400+4×A55@1900,8,3,2700,Adreno 642L,kgsl,4800,66,12,15,2022,A,电量/电池温度/内存/传感器/CPU峰值频率,+CPU占用/结温/分核实时频率/输入功率/thermal_zone,+GPU频率占用/cooling状态/全sysfs节点,无BL解锁Root不可达,static_inferred
Motorola,Motorola Edge 30,,SM7325-AE,骁龙778G+,1×A78@2500+3×A78@2200+4×A55@1900,8,3,2500,Adreno 642L,kgsl,4020,33,12,14,2022,A,电量/电池温度/内存/传感器/CPU峰值频率,+CPU占用/结温/分核实时频率/输入功率/thermal_zone,+GPU频率占用/cooling状态/全sysfs节点,BL可解锁,static_inferred
荣耀,荣耀 X50,,SM6450,骁龙6 Gen1,4×A78@2200+4×A55@1800,8,2,2200,Adreno 710,kgsl,5800,35,13,15,2023,A,电量/电池温度/内存/传感器/CPU峰值频率,+CPU占用/结温/分核实时频率/输入功率/thermal_zone,+GPU频率占用/cooling状态/全sysfs节点,无BL解锁Root不可达,static_inferred
realme,realme 12 Pro+,,SM7675-AC,骁龙7s Gen2,4×A78@2400+4×A55@1900,8,2,2400,Adreno 710,kgsl,5000,67,14,16,2024,A,电量/电池温度/内存/传感器/CPU峰值频率,+CPU占用/结温/分核实时频率/输入功率/thermal_zone,+GPU频率占用/cooling状态/全sysfs节点,BL解锁受限Root率低,static_inferred
Redmi,Redmi Note 12 5G,,SM4450,骁龙4 Gen1,2×A78@2000+6×A55@1800,8,2,2000,Adreno 619,kgsl,5000,33,12,15,2023,A,电量/电池温度/内存/传感器/CPU峰值频率,+CPU占用/结温/分核实时频率/输入功率/thermal_zone,+GPU频率占用/cooling状态/全sysfs节点,BL解锁需等待16天+社区分,static_inferred
Redmi,Redmi Note 11 Pro 5G,,SM6375,骁龙695,2×A78@2200+6×A55@1700,8,2,2200,Adreno 619,kgsl,5000,67,11,14,2022,A,电量/电池温度/内存/传感器/CPU峰值频率,+CPU占用/结温/分核实时频率/输入功率/thermal_zone,+GPU频率占用/cooling状态/全sysfs节点,BL解锁需等待16天+社区分,static_inferred
POCO,POCO X5 5G,,SM6375,骁龙695,2×A78@2200+6×A55@1700,8,2,2200,Adreno 619,kgsl,5000,33,12,14,2023,A,电量/电池温度/内存/传感器/CPU峰值频率,+CPU占用/结温/分核实时频率/输入功率/thermal_zone,+GPU频率占用/cooling状态/全sysfs节点,BL解锁需等待16天+社区分,static_inferred
Google,Google Pixel 5,redfin,SM7250,骁龙765G,1×A76@2400+1×A76@2200+6×A55@1800,8,3,2400,Adreno 620,kgsl,4080,18,11,14,2020,A,电量/电池温度/内存/传感器/CPU峰值频率,+CPU占用/结温/分核实时频率/输入功率/thermal_zone,+GPU频率占用/cooling状态/全sysfs节点,BL可自由解锁,static_inferred
Google,Google Pixel 5a 5G,barbet,SM7250,骁龙765G,1×A76@2400+1×A76@2200+6×A55@1800,8,3,2400,Adreno 620,kgsl,4680,18,11,14,2021,A,电量/电池温度/内存/传感器/CPU峰值频率,+CPU占用/结温/分核实时频率/输入功率/thermal_zone,+GPU频率占用/cooling状态/全sysfs节点,BL可自由解锁,static_inferred
小米,小米 10 Lite 5G,,SM7250,骁龙765G,1×A76@2400+1×A76@2200+6×A55@1800,8,3,2400,Adreno 620,kgsl,4160,20,10,12,2020,A,电量/电池温度/内存/传感器/CPU峰值频率,+CPU占用/结温/分核实时频率/输入功率/thermal_zone,+GPU频率占用/cooling状态/全sysfs节点,BL解锁需等待16天+社区分,static_inferred
Redmi,K50 Pro,matisse,MT6983,天玑9000,1×Cortex-X2@3050+3×Cortex-A710@2850+4×Cortex-A510@1800,8,3,3050,Mali-G710 MC10,mali,5000,120,12,,2022,A,电量/电池温度/内存/传感器/CPU峰值频率,+CPU占用/结温/分核实时频率/输入功率/thermal_zone(mtkts*),+GPU频率占用(/sys/kernel/gpu)/cooling状态/全sysfs节点,无,static_inferred
OPPO,Find X5 Pro 天玑版,,MT6983,天玑9000,1×Cortex-X2@3050+3×Cortex-A710@2850+4×Cortex-A510@1800,8,3,3050,Mali-G710 MC10,mali,5000,80,12,,2022,A,电量/电池温度/内存/传感器/CPU峰值频率,+CPU占用/结温/分核实时频率/输入功率/thermal_zone(mtkts*),+GPU频率占用(/sys/kernel/gpu)/cooling状态/全sysfs节点,无,static_inferred
vivo,X80,,MT6983,天玑9000,1×Cortex-X2@3050+3×Cortex-A710@2850+4×Cortex-A510@1800,8,3,3050,Mali-G710 MC10,mali,4500,80,12,,2022,A,电量/电池温度/内存/传感器/CPU峰值频率,+CPU占用/结温/分核实时频率/输入功率/thermal_zone(mtkts*),+GPU频率占用(/sys/kernel/gpu)/cooling状态/全sysfs节点,无,static_inferred
vivo,X90,,MT6985,天玑9200,1×Cortex-X3@3050+3×Cortex-A715@2850+4×Cortex-A510@2000,8,3,3050,Immortalis-G715 MC11,mali,4810,120,13,,2022,A,电量/电池温度/内存/传感器/CPU峰值频率,+CPU占用/结温/分核实时频率/输入功率/thermal_zone(mtkts*),+GPU频率占用(/sys/kernel/gpu)/cooling状态/全sysfs节点,无,static_inferred
OPPO,Find X6,,MT6985,天玑9200,1×Cortex-X3@3050+3×Cortex-A715@2850+4×Cortex-A510@2000,8,3,3050,Immortalis-G715 MC11,mali,4800,80,13,,2023,A,电量/电池温度/内存/传感器/CPU峰值频率,+CPU占用/结温/分核实时频率/输入功率/thermal_zone(mtkts*),+GPU频率占用(/sys/kernel/gpu)/cooling状态/全sysfs节点,无,static_inferred
Redmi,K60 至尊版,corot,MT6985Z,天玑9200+,1×Cortex-X3@3350+3×Cortex-A715@3000+4×Cortex-A510@2000,8,3,3350,Immortalis-G715 MC11,mali,5000,120,13,,2023,A,电量/电池温度/内存/传感器/CPU峰值频率,+CPU占用/结温/分核实时频率/输入功率/thermal_zone(mtkts*),+GPU频率占用(/sys/kernel/gpu)/cooling状态/全sysfs节点,9200+超频版,static_inferred
vivo,X90s,,MT6985Z,天玑9200+,1×Cortex-X3@3350+3×Cortex-A715@3000+4×Cortex-A510@2000,8,3,3350,Immortalis-G715 MC11,mali,4810,120,13,,2023,A,电量/电池温度/内存/传感器/CPU峰值频率,+CPU占用/结温/分核实时频率/输入功率/thermal_zone(mtkts*),+GPU频率占用(/sys/kernel/gpu)/cooling状态/全sysfs节点,9200+超频版,static_inferred
vivo,X100,,MT6989,天玑9300,4×Cortex-X4@3250+4×Cortex-A720@2000,8,2,3250,Immortalis-G720 MC12,mali,5000,120,14,,2023,A,电量/电池温度/内存/传感器/CPU峰值频率,+CPU占用/结温/分核实时频率/输入功率/thermal_zone(mtkts*),+GPU频率占用(/sys/kernel/gpu)/cooling状态/全sysfs节点,全大核无小核簇,static_inferred
vivo,X100 Pro,,MT6989,天玑9300,4×Cortex-X4@3250+4×Cortex-A720@2000,8,2,3250,Immortalis-G720 MC12,mali,5400,100,14,,2023,A,电量/电池温度/内存/传感器/CPU峰值频率,+CPU占用/结温/分核实时频率/输入功率/thermal_zone(mtkts*),+GPU频率占用(/sys/kernel/gpu)/cooling状态/全sysfs节点,全大核无小核簇,static_inferred
OPPO,Find X7,,MT6989,天玑9300,4×Cortex-X4@3250+4×Cortex-A720@2000,8,2,3250,Immortalis-G720 MC12,mali,5000,100,14,,2024,A,电量/电池温度/内存/传感器/CPU峰值频率,+CPU占用/结温/分核实时频率/输入功率/thermal_zone(mtkts*),+GPU频率占用(/sys/kernel/gpu)/cooling状态/全sysfs节点,全大核无小核簇,static_inferred
iQOO,Neo9 Pro,,MT6989,天玑9300,4×Cortex-X4@3250+4×Cortex-A720@2000,8,2,3250,Immortalis-G720 MC12,mali,5160,120,14,,2024,A,电量/电池温度/内存/传感器/CPU峰值频率,+CPU占用/结温/分核实时频率/输入功率/thermal_zone(mtkts*),+GPU频率占用(/sys/kernel/gpu)/cooling状态/全sysfs节点,全大核无小核簇,static_inferred
Redmi,K70 至尊版,,MT6989Z,天玑9300+,4×Cortex-X4@3400+4×Cortex-A720@2000,8,2,3400,Immortalis-G720 MC12,mali,5500,120,14,,2024,A,电量/电池温度/内存/传感器/CPU峰值频率,+CPU占用/结温/分核实时频率/输入功率/thermal_zone(mtkts*),+GPU频率占用(/sys/kernel/gpu)/cooling状态/全sysfs节点,全大核无小核簇;9300+超频版,static_inferred
vivo,X200,,MT6991,天玑9400,1×Cortex-X925@3620+3×Cortex-X4@3300+4×Cortex-A725@2400,8,3,3620,Immortalis-G925 MC12,mali,5800,90,15,,2024,A,电量/电池温度/内存/传感器/CPU峰值频率,+CPU占用/结温/分核实时频率/输入功率/thermal_zone(mtkts*),+GPU频率占用(/sys/kernel/gpu)/cooling状态/全sysfs节点,全大核无小核簇;簇1为Cortex-X4非A系列,static_inferred
vivo,X200 Pro,,MT6991,天玑9400,1×Cortex-X925@3620+3×Cortex-X4@3300+4×Cortex-A725@2400,8,3,3620,Immortalis-G925 MC12,mali,6000,90,15,,2024,A,电量/电池温度/内存/传感器/CPU峰值频率,+CPU占用/结温/分核实时频率/输入功率/thermal_zone(mtkts*),+GPU频率占用(/sys/kernel/gpu)/cooling状态/全sysfs节点,全大核无小核簇;簇1为Cortex-X4非A系列,static_inferred
OPPO,Find X8,CPH2651,MT6991,天玑9400,1×Cortex-X925@3620+3×Cortex-X4@3300+4×Cortex-A725@2400,8,3,3620,Immortalis-G925 MC12,mali,5630,80,15,,2024,A,电量/电池温度/内存/传感器/CPU峰值频率,+CPU占用/结温/分核实时频率/输入功率/thermal_zone(mtkts*),+GPU频率占用(/sys/kernel/gpu)/cooling状态/全sysfs节点,全大核无小核簇;簇1为Cortex-X4非A系列,static_inferred
OPPO,Find X8 Pro,CPH2659,MT6991,天玑9400,1×Cortex-X925@3620+3×Cortex-X4@3300+4×Cortex-A725@2400,8,3,3620,Immortalis-G925 MC12,mali,5910,80,15,,2024,A,电量/电池温度/内存/传感器/CPU峰值频率,+CPU占用/结温/分核实时频率/输入功率/thermal_zone(mtkts*),+GPU频率占用(/sys/kernel/gpu)/cooling状态/全sysfs节点,全大核无小核簇;簇1为Cortex-X4非A系列,static_inferred
Redmi,K50,rubens,MT6895,天玑8100,4×Cortex-A78@2850+4×Cortex-A55@2000,8,2,2850,Mali-G610 MC6,mali,5500,67,12,,2022,A,电量/电池温度/内存/传感器/CPU峰值频率,+CPU占用/结温/分核实时频率/输入功率/thermal_zone(mtkts*),+GPU频率占用(/sys/kernel/gpu)/cooling状态/全sysfs节点,无,static_inferred
一加,Ace,PGKM10,MT6895,天玑8100-MAX,4×Cortex-A78@2850+4×Cortex-A55@2000,8,2,2850,Mali-G610 MC6,mali,4500,150,12,,2022,A,电量/电池温度/内存/传感器/CPU峰值频率,+CPU占用/结温/分核实时频率/输入功率/thermal_zone(mtkts*),+GPU频率占用(/sys/kernel/gpu)/cooling状态/全sysfs节点,无,static_inferred
realme,GT Neo3,,MT6895,天玑8100,4×Cortex-A78@2850+4×Cortex-A55@2000,8,2,2850,Mali-G610 MC6,mali,4500,150,12,,2022,A,电量/电池温度/内存/传感器/CPU峰值频率,+CPU占用/结温/分核实时频率/输入功率/thermal_zone(mtkts*),+GPU频率占用(/sys/kernel/gpu)/cooling状态/全sysfs节点,150W版电池4500mAh;另有80W/5000mAh版,static_inferred
Redmi,Note 11T Pro,,MT6895,天玑8100,4×Cortex-A78@2850+4×Cortex-A55@2000,8,2,2850,Mali-G610 MC6,mali,5080,67,12,,2022,A,电量/电池温度/内存/传感器/CPU峰值频率,+CPU占用/结温/分核实时频率/输入功率/thermal_zone(mtkts*),+GPU频率占用(/sys/kernel/gpu)/cooling状态/全sysfs节点,无,static_inferred
OPPO,Reno8 Pro+,PFZM10,MT6895,天玑8100-MAX,4×Cortex-A78@2850+4×Cortex-A55@2000,8,2,2850,Mali-G610 MC6,mali,4500,80,12,,2022,A,电量/电池温度/内存/传感器/CPU峰值频率,+CPU占用/结温/分核实时频率/输入功率/thermal_zone(mtkts*),+GPU频率占用(/sys/kernel/gpu)/cooling状态/全sysfs节点,无,static_inferred
iQOO,Neo7 SE,V2238A,MT6896,天玑8200,1×Cortex-A78@3100+3×Cortex-A78@3000+4×Cortex-A55@2000,8,3,3100,Mali-G610 MC6,mali,5000,120,13,,2022,A,电量/电池温度/内存/传感器/CPU峰值频率,+CPU占用/结温/分核实时频率/输入功率/thermal_zone(mtkts*),+GPU频率占用(/sys/kernel/gpu)/cooling状态/全sysfs节点,无,static_inferred
Redmi,K60E,,MT6896,天玑8200,1×Cortex-A78@3100+3×Cortex-A78@3000+4×Cortex-A55@2000,8,3,3100,Mali-G610 MC6,mali,5500,67,12,,2022,A,电量/电池温度/内存/传感器/CPU峰值频率,+CPU占用/结温/分核实时频率/输入功率/thermal_zone(mtkts*),+GPU频率占用(/sys/kernel/gpu)/cooling状态/全sysfs节点,无,static_inferred
vivo,S17t,,MT6896,天玑8200,1×Cortex-A78@3100+3×Cortex-A78@3000+4×Cortex-A55@2000,8,3,3100,Mali-G610 MC6,mali,4600,80,13,,2023,A,电量/电池温度/内存/传感器/CPU峰值频率,+CPU占用/结温/分核实时频率/输入功率/thermal_zone(mtkts*),+GPU频率占用(/sys/kernel/gpu)/cooling状态/全sysfs节点,无,static_inferred
Redmi,K70E,,MT6897Z,天玑8300-Ultra,4×Cortex-A715@3350+4×Cortex-A510@2200,8,2,3350,Mali-G615 MC6,mali,5500,90,14,,2023,A,电量/电池温度/内存/传感器/CPU峰值频率,+CPU占用/结温/分核实时频率/输入功率/thermal_zone(mtkts*),+GPU频率占用(/sys/kernel/gpu)/cooling状态/全sysfs节点,无,static_inferred
Redmi,Turbo 3,,MT6897Z,天玑8300-Ultra,4×Cortex-A715@3350+4×Cortex-A510@2200,8,2,3350,Mali-G615 MC6,mali,5000,90,14,,2024,A,电量/电池温度/内存/传感器/CPU峰值频率,+CPU占用/结温/分核实时频率/输入功率/thermal_zone(mtkts*),+GPU频率占用(/sys/kernel/gpu)/cooling状态/全sysfs节点,无,static_inferred
Redmi,Turbo 4,,MT6899,天玑8400-Ultra,1×Cortex-A725@3250+3×Cortex-A725@3000+4×Cortex-A725@2300,8,3,3250,Mali-G720 MC7,mali,6550,90,15,,2025,A,电量/电池温度/内存/传感器/CPU峰值频率,+CPU占用/结温/分核实时频率/输入功率/thermal_zone(mtkts*),+GPU频率占用(/sys/kernel/gpu)/cooling状态/全sysfs节点,全大核无小核簇,static_inferred
iQOO,Z10 Turbo,V2452A,MT6899,天玑8400,1×Cortex-A725@3250+3×Cortex-A725@3000+4×Cortex-A725@2100,8,3,3250,Mali-G720 MC7,mali,7620,90,15,,2025,A,电量/电池温度/内存/传感器/CPU峰值频率,+CPU占用/结温/分核实时频率/输入功率/thermal_zone(mtkts*),+GPU频率占用(/sys/kernel/gpu)/cooling状态/全sysfs节点,全大核无小核簇,static_inferred
Redmi,Note 13 Pro+,,MT6886,天玑7200-Ultra,2×Cortex-A715@2800+6×Cortex-A510@2000,8,2,2800,Mali-G615 MC2,mali,5000,120,13,,2023,A,电量/电池温度/内存/传感器/CPU峰值频率,+CPU占用/结温/分核实时频率/输入功率/thermal_zone(mtkts*),+GPU频率占用(/sys/kernel/gpu)/cooling状态/全sysfs节点,无,static_inferred
OPPO,A3 Pro,PJY110,MT6877,天玑7050,2×Cortex-A78@2600+6×Cortex-A55@2000,8,2,2600,Mali-G610 MC4,mali,5000,67,14,,2024,A,电量/电池温度/内存/传感器/CPU峰值频率,+CPU占用/结温/分核实时频率/输入功率/thermal_zone(mtkts*),+GPU频率占用(/sys/kernel/gpu)/cooling状态/全sysfs节点,无,static_inferred
Redmi,Note 12 Pro 5G,,MT6877,天玑1080,2×Cortex-A78@2600+6×Cortex-A55@2000,8,2,2600,Mali-G68 MC4,mali,5000,67,12,,2022,A,电量/电池温度/内存/传感器/CPU峰值频率,+CPU占用/结温/分核实时频率/输入功率/thermal_zone(mtkts*),+GPU频率占用(/sys/kernel/gpu)/cooling状态/全sysfs节点,无,static_inferred
Redmi,K40 游戏增强版,,MT6893,天玑1200,1×Cortex-A78@3000+3×Cortex-A78@2600+4×Cortex-A55@2000,8,3,3000,Mali-G77 MC9,mali,5065,67,11,,2021,A,电量/电池温度/内存/传感器/CPU峰值频率,+CPU占用/结温/分核实时频率/输入功率/thermal_zone(mtkts*),+GPU频率占用(/sys/kernel/gpu)/cooling状态/全sysfs节点,无,static_inferred
realme,GT Neo,,MT6893,天玑1200,1×Cortex-A78@3000+3×Cortex-A78@2600+4×Cortex-A55@2000,8,3,3000,Mali-G77 MC9,mali,4500,50,11,,2021,A,电量/电池温度/内存/传感器/CPU峰值频率,+CPU占用/结温/分核实时频率/输入功率/thermal_zone(mtkts*),+GPU频率占用(/sys/kernel/gpu)/cooling状态/全sysfs节点,无,static_inferred
vivo,S9,,MT6891,天玑1100,4×Cortex-A78@2600+4×Cortex-A55@2000,8,2,2600,Mali-G77 MC9,mali,4000,33,11,,2021,A,电量/电池温度/内存/传感器/CPU峰值频率,+CPU占用/结温/分核实时频率/输入功率/thermal_zone(mtkts*),+GPU频率占用(/sys/kernel/gpu)/cooling状态/全sysfs节点,无,static_inferred
三星,Galaxy S21 5G (欧版/Exynos),o1,Exynos 2100,Exynos 2100,1×Cortex-X1+3×Cortex-A78+4×Cortex-A55,8,3,2900,Mali-G78 MP14,mali,4000,25,11,15,2021,A,电量/电池温度/内存/传感器/CPU峰值频率,+CPU占用/结温/分核实时频率/输入功率/thermal_zone,+GPU频率占用/cooling状态/全sysfs节点,无,static_inferred
三星,Galaxy S21+ 5G (欧版/Exynos),o2,Exynos 2100,Exynos 2100,1×Cortex-X1+3×Cortex-A78+4×Cortex-A55,8,3,2900,Mali-G78 MP14,mali,4800,25,11,15,2021,A,电量/电池温度/内存/传感器/CPU峰值频率,+CPU占用/结温/分核实时频率/输入功率/thermal_zone,+GPU频率占用/cooling状态/全sysfs节点,无,static_inferred
三星,Galaxy S21 Ultra (欧版/Exynos),o3,Exynos 2100,Exynos 2100,1×Cortex-X1+3×Cortex-A78+4×Cortex-A55,8,3,2900,Mali-G78 MP14,mali,5000,25,11,15,2021,A,电量/电池温度/内存/传感器/CPU峰值频率,+CPU占用/结温/分核实时频率/输入功率/thermal_zone,+GPU频率占用/cooling状态/全sysfs节点,无,static_inferred
三星,Galaxy S22 (欧版/Exynos),b0,Exynos 2200,Exynos 2200,1×Cortex-X2+3×Cortex-A710+4×Cortex-A510,8,3,2950,Xclipse 920,devfreq,3700,25,12,16,2022,B,电量/电池温度/内存/传感器/CPU峰值频率,+CPU占用/结温/分核实时频率/输入功率/thermal_zone,+GPU频率占用(drm节点)/cooling状态/全sysfs,Xclipse GPU频率占用需Root走drm节点，free/shizuku可能读不到,static_inferred
三星,Galaxy S22+ (欧版/Exynos),b1,Exynos 2200,Exynos 2200,1×Cortex-X2+3×Cortex-A710+4×Cortex-A510,8,3,2950,Xclipse 920,devfreq,4500,45,12,16,2022,B,电量/电池温度/内存/传感器/CPU峰值频率,+CPU占用/结温/分核实时频率/输入功率/thermal_zone,+GPU频率占用(drm节点)/cooling状态/全sysfs,Xclipse GPU频率占用需Root走drm节点，free/shizuku可能读不到,static_inferred
三星,Galaxy S22 Ultra (欧版/Exynos),b0q,Exynos 2200,Exynos 2200,1×Cortex-X2+3×Cortex-A710+4×Cortex-A510,8,3,2950,Xclipse 920,devfreq,5000,45,12,16,2022,B,电量/电池温度/内存/传感器/CPU峰值频率,+CPU占用/结温/分核实时频率/输入功率/thermal_zone,+GPU频率占用(drm节点)/cooling状态/全sysfs,Xclipse GPU频率占用需Root走drm节点，free/shizuku可能读不到,static_inferred
三星,Galaxy S24 (欧版/Exynos),e1b,Exynos 2400,Exynos 2400,1×Cortex-X4+5×Cortex-A720+4×Cortex-A520,10,3,3200,Xclipse 940,devfreq,4000,25,14,18,2024,B,电量/电池温度/内存/传感器/CPU峰值频率,+CPU占用/结温/分核实时频率/输入功率/thermal_zone,+GPU频率占用(drm节点)/cooling状态/全sysfs,10核deca-core; Xclipse GPU频率占用需Root走drm节点，free/shizuku可能读不到,static_inferred
三星,Galaxy S24+ (欧版/Exynos),e2b,Exynos 2400,Exynos 2400,1×Cortex-X4+5×Cortex-A720+4×Cortex-A520,10,3,3200,Xclipse 940,devfreq,4900,45,14,18,2024,B,电量/电池温度/内存/传感器/CPU峰值频率,+CPU占用/结温/分核实时频率/输入功率/thermal_zone,+GPU频率占用(drm节点)/cooling状态/全sysfs,10核deca-core; Xclipse GPU频率占用需Root走drm节点，free/shizuku可能读不到,static_inferred
三星,Galaxy A54 5G,a546b,Exynos 1380,Exynos 1380,4×Cortex-A78+4×Cortex-A55,8,2,2400,Mali-G68 MP5,mali,5000,25,13,17,2023,A,电量/电池温度/内存/传感器/CPU峰值频率,+CPU占用/结温/分核实时频率/输入功率/thermal_zone,+GPU频率占用/cooling状态/全sysfs节点,无,static_inferred
三星,Galaxy A55 5G,a556b,Exynos 1480,Exynos 1480,4×Cortex-A78+4×Cortex-A55,8,2,2750,Xclipse 530,devfreq,5000,25,14,18,2024,B,电量/电池温度/内存/传感器/CPU峰值频率,+CPU占用/结温/分核实时频率/输入功率/thermal_zone,+GPU频率占用(drm节点)/cooling状态/全sysfs,A55实为Exynos 1480(Xclipse 530 RDNA2)非1380; Xclipse GPU频率占用需Root走drm节点,static_inferred
三星,Galaxy A53 5G,a536b,Exynos 1280,Exynos 1280,2×Cortex-A78+6×Cortex-A55,8,2,2400,Mali-G68 MP5,mali,5000,25,12,16,2022,A,电量/电池温度/内存/传感器/CPU峰值频率,+CPU占用/结温/分核实时频率/输入功率/thermal_zone,+GPU频率占用/cooling状态/全sysfs节点,无,static_inferred
三星,Galaxy A33 5G,a336b,Exynos 1280,Exynos 1280,2×Cortex-A78+6×Cortex-A55,8,2,2400,Mali-G68 MP5,mali,5000,25,12,16,2022,A,电量/电池温度/内存/传感器/CPU峰值频率,+CPU占用/结温/分核实时频率/输入功率/thermal_zone,+GPU频率占用/cooling状态/全sysfs节点,无,static_inferred
Google,Pixel 6,oriole,GS101,Tensor G1,2×Cortex-X1+2×Cortex-A76+4×Cortex-A55,8,3,2800,Mali-G78 MP20,mali,4614,21,12,17,2021,A,电量/电池温度/内存/传感器/CPU峰值频率,+CPU占用/结温/分核实时频率/输入功率/thermal_zone,+GPU频率占用/cooling状态/全sysfs节点,2颗prime核(2+2+4拓扑),static_inferred
Google,Pixel 6 Pro,raven,GS101,Tensor G1,2×Cortex-X1+2×Cortex-A76+4×Cortex-A55,8,3,2800,Mali-G78 MP20,mali,5003,23,12,17,2021,A,电量/电池温度/内存/传感器/CPU峰值频率,+CPU占用/结温/分核实时频率/输入功率/thermal_zone,+GPU频率占用/cooling状态/全sysfs节点,2颗prime核(2+2+4拓扑),static_inferred
Google,Pixel 6a,bluejay,GS101,Tensor G1,2×Cortex-X1+2×Cortex-A76+4×Cortex-A55,8,3,2800,Mali-G78 MP20,mali,4410,18,13,18,2022,A,电量/电池温度/内存/传感器/CPU峰值频率,+CPU占用/结温/分核实时频率/输入功率/thermal_zone,+GPU频率占用/cooling状态/全sysfs节点,2颗prime核(2+2+4拓扑),static_inferred
Google,Pixel 7,panther,GS201,Tensor G2,2×Cortex-X1+2×Cortex-A78+4×Cortex-A55,8,3,2850,Mali-G710 MP7,mali,4727,21,13,18,2022,A,电量/电池温度/内存/传感器/CPU峰值频率,+CPU占用/结温/分核实时频率/输入功率/thermal_zone,+GPU频率占用/cooling状态/全sysfs节点,2颗prime核(2+2+4拓扑),static_inferred
Google,Pixel 7 Pro,cheetah,GS201,Tensor G2,2×Cortex-X1+2×Cortex-A78+4×Cortex-A55,8,3,2850,Mali-G710 MP7,mali,5000,23,13,18,2022,A,电量/电池温度/内存/传感器/CPU峰值频率,+CPU占用/结温/分核实时频率/输入功率/thermal_zone,+GPU频率占用/cooling状态/全sysfs节点,2颗prime核(2+2+4拓扑),static_inferred
Google,Pixel 7a,lynx,GS201,Tensor G2,2×Cortex-X1+2×Cortex-A78+4×Cortex-A55,8,3,2850,Mali-G710 MP7,mali,4385,18,13,18,2023,A,电量/电池温度/内存/传感器/CPU峰值频率,+CPU占用/结温/分核实时频率/输入功率/thermal_zone,+GPU频率占用/cooling状态/全sysfs节点,2颗prime核(2+2+4拓扑),static_inferred
Google,Pixel Fold,felix,GS201,Tensor G2,2×Cortex-X1+2×Cortex-A78+4×Cortex-A55,8,3,2850,Mali-G710 MP7,mali,4821,21,13,18,2023,A,电量/电池温度/内存/传感器/CPU峰值频率,+CPU占用/结温/分核实时频率/输入功率/thermal_zone,+GPU频率占用/cooling状态/全sysfs节点,2颗prime核(2+2+4拓扑),static_inferred
Google,Pixel 8,shiba,ZS3,Tensor G3,1×Cortex-X3+4×Cortex-A715+4×Cortex-A510,9,3,2910,Mali-G715 MP7,mali,4575,27,14,21,2023,A,电量/电池温度/内存/传感器/CPU峰值频率,+CPU占用/结温/分核实时频率/输入功率/thermal_zone,+GPU频率占用/cooling状态/全sysfs节点,9核nona-core,static_inferred
Google,Pixel 8 Pro,husky,ZS3,Tensor G3,1×Cortex-X3+4×Cortex-A715+4×Cortex-A510,9,3,2910,Mali-G715 MP7,mali,5050,30,14,21,2023,A,电量/电池温度/内存/传感器/CPU峰值频率,+CPU占用/结温/分核实时频率/输入功率/thermal_zone,+GPU频率占用/cooling状态/全sysfs节点,9核nona-core,static_inferred
Google,Pixel 8a,akita,ZS3,Tensor G3,1×Cortex-X3+4×Cortex-A715+4×Cortex-A510,9,3,2910,Mali-G715 MP7,mali,4492,27,14,21,2024,A,电量/电池温度/内存/传感器/CPU峰值频率,+CPU占用/结温/分核实时频率/输入功率/thermal_zone,+GPU频率占用/cooling状态/全sysfs节点,9核nona-core,static_inferred
Google,Pixel 9,tokay,G4,Tensor G4,1×Cortex-X4+3×Cortex-A720+4×Cortex-A520,8,3,3100,Mali-G715 MP7,mali,4700,27,15,22,2024,A,电量/电池温度/内存/传感器/CPU峰值频率,+CPU占用/结温/分核实时频率/输入功率/thermal_zone,+GPU频率占用/cooling状态/全sysfs节点,无,static_inferred
Google,Pixel 9 Pro,caiman,G4,Tensor G4,1×Cortex-X4+3×Cortex-A720+4×Cortex-A520,8,3,3100,Mali-G715 MP7,mali,4653,27,15,22,2024,A,电量/电池温度/内存/传感器/CPU峰值频率,+CPU占用/结温/分核实时频率/输入功率/thermal_zone,+GPU频率占用/cooling状态/全sysfs节点,无,static_inferred
Google,Pixel 9 Pro XL,komodo,G4,Tensor G4,1×Cortex-X4+3×Cortex-A720+4×Cortex-A520,8,3,3100,Mali-G715 MP7,mali,5060,30,15,22,2024,A,电量/电池温度/内存/传感器/CPU峰值频率,+CPU占用/结温/分核实时频率/输入功率/thermal_zone,+GPU频率占用/cooling状态/全sysfs节点,无,static_inferred
Google,Pixel 9a,tegu,G4,Tensor G4,1×Cortex-X4+3×Cortex-A720+4×Cortex-A520,8,3,3100,Mali-G715 MP7,mali,4770,27,15,22,2025,A,电量/电池温度/内存/传感器/CPU峰值频率,+CPU占用/结温/分核实时频率/输入功率/thermal_zone,+GPU频率占用/cooling状态/全sysfs节点,无,static_inferred
Google,Pixel 9 Pro Fold,comma,G4,Tensor G4,1×Cortex-X4+3×Cortex-A720+4×Cortex-A520,8,3,3100,Mali-G715 MP7,mali,4650,27,14,21,2024,A,电量/电池温度/内存/传感器/CPU峰值频率,+CPU占用/结温/分核实时频率/输入功率/thermal_zone,+GPU频率占用/cooling状态/全sysfs节点,无,static_inferred
索尼,Xperia 1 VII,XQ-FS54,SM8750,骁龙8 Elite,2×Oryon Prime+6×Oryon Performance,8,2,4320,Adreno 830,kgsl,5000,30,15,19,2025,A,电量/电池温度/内存/传感器/CPU峰值频率,+CPU占用/结温/分核实时频率/输入功率/thermal_zone,+GPU频率占用/cooling状态/全sysfs节点,无,static_inferred
索尼,Xperia 5 III,XQ-BQ72,SM8350,骁龙888,1×Cortex-X1+3×Cortex-A78+4×Cortex-A55,8,3,2840,Adreno 660,kgsl,4500,30,11,14,2021,A,电量/电池温度/内存/传感器/CPU峰值频率,+CPU占用/结温/分核实时频率/输入功率/thermal_zone,+GPU频率占用/cooling状态/全sysfs节点,无,static_inferred
索尼,Xperia 5 IV,XQ-CQ54,SM8450,骁龙8 Gen1,1×Cortex-X2+3×Cortex-A710+4×Cortex-A510,8,3,3000,Adreno 730,kgsl,5000,30,12,15,2022,A,电量/电池温度/内存/传感器/CPU峰值频率,+CPU占用/结温/分核实时频率/输入功率/thermal_zone,+GPU频率占用/cooling状态/全sysfs节点,无,static_inferred
索尼,Xperia 5 V,XQ-DE54,SM8550,骁龙8 Gen2,1×Cortex-X3+2×Cortex-A715+2×Cortex-A710+3×Cortex-A510,8,4,3190,Adreno 740,kgsl,5000,30,13,16,2023,A,电量/电池温度/内存/传感器/CPU峰值频率,+CPU占用/结温/分核实时频率/输入功率/thermal_zone,+GPU频率占用/cooling状态/全sysfs节点,无,static_inferred
索尼,Xperia 5 VI,,SM8650,骁龙8 Gen3,1×Cortex-X4+3×Cortex-A720+2×Cortex-A720+2×Cortex-A520,8,4,3300,Adreno 750,kgsl,5000,30,14,17,2024,A,电量/电池温度/内存/传感器/CPU峰值频率,+CPU占用/结温/分核实时频率/输入功率/thermal_zone,+GPU频率占用/cooling状态/全sysfs节点,无,static_inferred
索尼,Xperia 10 VI,XQ-ES54,SM6450,骁龙6 Gen1,4×Cortex-A78+4×Cortex-A55,8,2,2200,Adreno 710,kgsl,5000,18,14,17,2024,A,电量/电池温度/内存/传感器/CPU峰值频率,+CPU占用/结温/分核实时频率/输入功率/thermal_zone,+GPU频率占用/cooling状态/全sysfs节点,无,static_inferred
华为,华为Mate 30 5G,TAS-AN00,Kirin 990 5G,麒麟990 5G,2×Cortex-A76@2.86+2×Cortex-A76@2.36+4×Cortex-A55@1.95,8,3,2860,Mali-G76 MP16,mali,4200,40,10,,2019,A,电量/电池温度/内存/传感器/CPU峰值频率,+CPU占用/结温/分核频率/输入功率/thermal_zone(需回退virtual路径),+GPU频率占用/cooling/全sysfs,华为thermal路径可能需回退/sys/devices/virtual/thermal/；无BL解锁,static_inferred
华为,华为Mate 30 Pro 5G,LIO-AL00,Kirin 990 5G,麒麟990 5G,2×Cortex-A76@2.86+2×Cortex-A76@2.36+4×Cortex-A55@1.95,8,3,2860,Mali-G76 MP16,mali,4500,40,10,,2019,A,电量/电池温度/内存/传感器/CPU峰值频率,+CPU占用/结温/分核频率/输入功率/thermal_zone(需回退virtual路径),+GPU频率占用/cooling/全sysfs,华为thermal路径可能需回退/sys/devices/virtual/thermal/；无BL解锁,static_inferred
华为,华为P40,ANA-AN00,Kirin 990 5G,麒麟990 5G,2×Cortex-A76@2.86+2×Cortex-A76@2.36+4×Cortex-A55@1.95,8,3,2860,Mali-G76 MP16,mali,3800,22,10,,2020,A,电量/电池温度/内存/传感器/CPU峰值频率,+CPU占用/结温/分核频率/输入功率/thermal_zone(需回退virtual路径),+GPU频率占用/cooling/全sysfs,华为thermal路径可能需回退/sys/devices/virtual/thermal/；无BL解锁,static_inferred
华为,华为P40 Pro,JER-AN00,Kirin 990 5G,麒麟990 5G,2×Cortex-A76@2.86+2×Cortex-A76@2.36+4×Cortex-A55@1.95,8,3,2860,Mali-G76 MP16,mali,4200,40,10,,2020,A,电量/电池温度/内存/传感器/CPU峰值频率,+CPU占用/结温/分核频率/输入功率/thermal_zone(需回退virtual路径),+GPU频率占用/cooling/全sysfs,华为thermal路径可能需回退/sys/devices/virtual/thermal/；无BL解锁,static_inferred
华为,华为Mate 40,OCE-AN00,Kirin 9000E,麒麟9000E,1×Cortex-A77@3.13+3×Cortex-A77@2.54+4×Cortex-A55@2.05,8,3,3130,Mali-G78 MP22,mali,4200,40,10,,2020,A,电量/电池温度/内存/传感器/CPU峰值频率,+CPU占用/结温/分核频率/输入功率/thermal_zone(需回退virtual路径),+GPU频率占用/cooling/全sysfs,华为thermal路径可能需回退/sys/devices/virtual/thermal/；无BL解锁,static_inferred
华为,华为Mate 40 Pro,NOH-AN00,Kirin 9000,麒麟9000,1×Cortex-A77@3.13+3×Cortex-A77@2.54+4×Cortex-A55@2.05,8,3,3130,Mali-G78 MP24,mali,4400,66,10,,2020,A,电量/电池温度/内存/传感器/CPU峰值频率,+CPU占用/结温/分核频率/输入功率/thermal_zone(需回退virtual路径),+GPU频率占用/cooling/全sysfs,华为thermal路径可能需回退/sys/devices/virtual/thermal/；无BL解锁,static_inferred
华为,华为Mate 40 Pro+,NOP-AN00,Kirin 9000,麒麟9000,1×Cortex-A77@3.13+3×Cortex-A77@2.54+4×Cortex-A55@2.05,8,3,3130,Mali-G78 MP24,mali,4400,66,10,,2020,A,电量/电池温度/内存/传感器/CPU峰值频率,+CPU占用/结温/分核频率/输入功率/thermal_zone(需回退virtual路径),+GPU频率占用/cooling/全sysfs,华为thermal路径可能需回退/sys/devices/virtual/thermal/；无BL解锁,static_inferred
华为,华为Mate X2,TAH-AN00,Kirin 9000,麒麟9000,1×Cortex-A77@3.13+3×Cortex-A77@2.54+4×Cortex-A55@2.05,8,3,3130,Mali-G78 MP24,mali,4500,55,10,,2021,A,电量/电池温度/内存/传感器/CPU峰值频率,+CPU占用/结温/分核频率/输入功率/thermal_zone(需回退virtual路径),+GPU频率占用/cooling/全sysfs,华为thermal路径可能需回退/sys/devices/virtual/thermal/；无BL解锁,static_inferred
华为,华为P50 Pro(麒麟9000版),JAD-AL00,Kirin 9000,麒麟9000 4G,1×Cortex-A77@3.13+3×Cortex-A77@2.54+4×Cortex-A55@2.05,8,3,3130,Mali-G78 MP24,mali,4360,66,11,,2021,A,电量/电池温度/内存/传感器/CPU峰值频率,+CPU占用/结温/分核频率/输入功率/thermal_zone(需回退virtual路径),+GPU频率占用/cooling/全sysfs,华为thermal路径可能需回退/sys/devices/virtual/thermal/；无BL解锁；另有骁龙888 4G版(见骁龙分片)，本行为麒麟9000 4G版,static_inferred
华为,华为nova 8,ANG-AN00,Kirin 985,麒麟985,1×Cortex-A76@2.58+3×Cortex-A76@2.40+4×Cortex-A55@1.84,8,3,2580,Mali-G77 MP8,mali,3800,66,10,,2020,A,电量/电池温度/内存/传感器/CPU峰值频率,+CPU占用/结温/分核频率/输入功率/thermal_zone(需回退virtual路径),+GPU频率占用/cooling/全sysfs,华为thermal路径可能需回退/sys/devices/virtual/thermal/；无BL解锁,static_inferred
华为,华为Mate 60,BRA-AL00,Kirin 9000S,麒麟9000S,1×TaiShan V120@2.62+3×TaiShan V120@2.15+4×Cortex-A510@1.53,8,3,2620,Maleoon 910,devfreq,4750,66,12,,2023,B,电量/电池温度/内存/传感器/CPU峰值频率,+CPU占用/结温/分核频率/输入功率/thermal_zone(需回退virtual路径),+Maleoon GPU(devfreq通用)/cooling/全sysfs(部分节点SELinux锁),TaiShan核回退通用名；Maleoon GPU频率需Root走devfreq通用节点；无BL解锁,static_inferred
华为,华为Mate 60 Pro,ALN-AL00,Kirin 9000S,麒麟9000S,1×TaiShan V120@2.62+3×TaiShan V120@2.15+4×Cortex-A510@1.53,8,3,2620,Maleoon 910,devfreq,5000,88,12,,2023,B,电量/电池温度/内存/传感器/CPU峰值频率,+CPU占用/结温/分核频率/输入功率/thermal_zone(需回退virtual路径),+Maleoon GPU(devfreq通用)/cooling/全sysfs(部分节点SELinux锁),TaiShan核回退通用名；Maleoon GPU频率需Root走devfreq通用节点；无BL解锁,static_inferred
华为,华为Mate 60 Pro+,ALN-AL10,Kirin 9000S,麒麟9000S,1×TaiShan V120@2.62+3×TaiShan V120@2.15+4×Cortex-A510@1.53,8,3,2620,Maleoon 910,devfreq,5000,88,12,,2023,B,电量/电池温度/内存/传感器/CPU峰值频率,+CPU占用/结温/分核频率/输入功率/thermal_zone(需回退virtual路径),+Maleoon GPU(devfreq通用)/cooling/全sysfs(部分节点SELinux锁),TaiShan核回退通用名；Maleoon GPU频率需Root走devfreq通用节点；无BL解锁,static_inferred
华为,华为Mate X5,ALT-AL10,Kirin 9000S,麒麟9000S,1×TaiShan V120@2.62+3×TaiShan V120@2.15+4×Cortex-A510@1.53,8,3,2620,Maleoon 910,devfreq,5060,66,12,,2023,B,电量/电池温度/内存/传感器/CPU峰值频率,+CPU占用/结温/分核频率/输入功率/thermal_zone(需回退virtual路径),+Maleoon GPU(devfreq通用)/cooling/全sysfs(部分节点SELinux锁),TaiShan核回退通用名；Maleoon GPU频率需Root走devfreq通用节点；无BL解锁,static_inferred
华为,华为Pura 70,ADY-AL00,Kirin 9000S,麒麟9000S(9000S1),1×TaiShan V120@2.62+3×TaiShan V120@2.15+4×Cortex-A510@1.53,8,3,2620,Maleoon 910,devfreq,4900,66,12,,2024,B,电量/电池温度/内存/传感器/CPU峰值频率,+CPU占用/结温/分核频率/输入功率/thermal_zone(需回退virtual路径),+Maleoon GPU(devfreq通用)/cooling/全sysfs(部分节点SELinux锁),TaiShan核回退通用名；Maleoon GPU频率需Root走devfreq通用节点；无BL解锁；标准版为9000S1变体；部分批次可升级HarmonyOS NEXT,static_inferred
华为,华为Pura 70 Pro,HBN-AL00,Kirin 9010,麒麟9010,1×TaiShan V121@2.30+3×TaiShan V121@2.18+4×Cortex-A510@1.55,8,3,2300,Maleoon 920,devfreq,5050,100,12,,2024,C,电量/电池温度/内存/传感器/CPU峰值频率,+CPU占用/结温/分核频率/输入功率/thermal_zone(需回退virtual路径)/SMT线程拓扑,+Maleoon GPU(devfreq通用)/cooling/全sysfs(部分节点SELinux锁)/SMT线程拓扑,SMT 8核12线程，拓扑解析需区分物理核与逻辑线程；TaiShan核回退通用名；Maleoon GPU；无BL解锁；GPU型号社区有Maleoon 910/920两种说法，待上机GL_RENDERER确认,static_inferred
华为,华为Pura 70 Ultra,HBP-AL00,Kirin 9010,麒麟9010,1×TaiShan V121@2.30+3×TaiShan V121@2.18+4×Cortex-A510@1.55,8,3,2300,Maleoon 920,devfreq,5200,100,12,,2024,C,电量/电池温度/内存/传感器/CPU峰值频率,+CPU占用/结温/分核频率/输入功率/thermal_zone(需回退virtual路径)/SMT线程拓扑,+Maleoon GPU(devfreq通用)/cooling/全sysfs(部分节点SELinux锁)/SMT线程拓扑,SMT 8核12线程，拓扑解析需区分物理核与逻辑线程；TaiShan核回退通用名；Maleoon GPU；无BL解锁；GPU型号社区有Maleoon 910/920两种说法，待上机GL_RENDERER确认,static_inferred
华为,华为Mate 70,CLS-AL00,Kirin 9010,麒麟9010,1×TaiShan V121@2.30+3×TaiShan V121@2.18+4×Cortex-A510@1.55,8,3,2300,Maleoon 920,devfreq,5300,66,12,,2024,C,电量/电池温度/内存/传感器/CPU峰值频率,+CPU占用/结温/分核频率/输入功率/thermal_zone(需回退virtual路径)/SMT线程拓扑,+Maleoon GPU(devfreq通用)/cooling/全sysfs(部分节点SELinux锁)/SMT线程拓扑,SMT 8核12线程，拓扑解析需区分物理核与逻辑线程；TaiShan核回退通用名；Maleoon GPU；无BL解锁；出厂HarmonyOS 4.3(AOSP兼容)，另有NEXT先锋版见下行,static_inferred
华为,华为Mate 70(NEXT),CLS-AL00,Kirin 9010,麒麟9010,,8,3,2300,Maleoon 920,devfreq,5300,66,,,2024,D,无法安装APK,无法安装APK,N/A,HarmonyOS NEXT 纯鸿蒙系统，无法安装Android APK；同硬件NEXT先锋版出厂HarmonyOS 5.0,static_inferred
华为,华为Mate 70 Pro,PLR-AL00,Kirin 9020,麒麟9020,1×TaiShan@2.50+3×TaiShan@2.15+4×TaiShan-Little@1.60,8,3,2500,Maleoon 920/930,devfreq,5500,100,12,,2024,B,电量/电池温度/内存/传感器/CPU峰值频率,+CPU占用/结温/分核频率/输入功率/thermal_zone(需回退virtual路径),+Maleoon GPU(devfreq通用)/cooling/全sysfs(部分节点SELinux锁),TaiShan核回退通用名；Maleoon GPU频率需Root走devfreq通用节点；无BL解锁；出厂HarmonyOS 4.3(AOSP兼容)，另有NEXT先锋版见下行,static_inferred
华为,华为Mate 70 Pro(NEXT),PLR-AL00,Kirin 9020,麒麟9020,,8,3,2500,Maleoon 920/930,devfreq,5500,100,,,2024,D,无法安装APK,无法安装APK,N/A,HarmonyOS NEXT 纯鸿蒙系统，无法安装Android APK；同硬件NEXT先锋版出厂HarmonyOS 5.0,static_inferred
华为,华为Mate 70 Pro+,,Kirin 9020,麒麟9020,,8,3,2500,Maleoon 920/930,devfreq,5500,100,,,2024,D,无法安装APK,无法安装APK,N/A,HarmonyOS NEXT 纯鸿蒙系统，无法安装Android APK；出厂HarmonyOS 5.0 NEXT,static_inferred
华为,华为Mate X6,ICL-AL10,Kirin 9020,麒麟9020,1×TaiShan@2.50+3×TaiShan@2.15+4×TaiShan-Little@1.60,8,3,2500,Maleoon 920/930,devfreq,5110,66,12,,2024,B,电量/电池温度/内存/传感器/CPU峰值频率,+CPU占用/结温/分核频率/输入功率/thermal_zone(需回退virtual路径),+Maleoon GPU(devfreq通用)/cooling/全sysfs(部分节点SELinux锁),TaiShan核回退通用名；Maleoon GPU频率需Root走devfreq通用节点；无BL解锁；出厂HarmonyOS 4.3可升NEXT；电池典型值5110/5200两说,static_inferred
华为,华为Pura 80,,Kirin 9010S,麒麟9010S,1×TaiShan V121@2.30+3×TaiShan V121@2.18+4×Cortex-A510@1.55,8,3,2300,Maleoon 920,devfreq,5600,66,14,,2025,C,电量/电池温度/内存/传感器/CPU峰值频率,+CPU占用/结温/分核频率/输入功率/thermal_zone(需回退virtual路径)/SMT线程拓扑,+Maleoon GPU(devfreq通用)/cooling/全sysfs(部分节点SELinux锁)/SMT线程拓扑,SMT 8核12线程，拓扑解析需区分物理核与逻辑线程；TaiShan核回退通用名；Maleoon GPU；无BL解锁；官方海外页标Kirin 9010S；电池容量5170/5600两说；可能出厂/升级HarmonyOS NEXT,static_inferred
华为,华为Pura 80 Pro,,Kirin 9020,麒麟9020,1×TaiShan@2.50+3×TaiShan@2.15+4×TaiShan-Little@1.60,8,3,2500,Maleoon 920/930,devfreq,5700,100,14,,2025,B,电量/电池温度/内存/传感器/CPU峰值频率,+CPU占用/结温/分核频率/输入功率/thermal_zone(需回退virtual路径),+Maleoon GPU(devfreq通用)/cooling/全sysfs(部分节点SELinux锁),TaiShan核回退通用名；Maleoon GPU频率需Root走devfreq通用节点；无BL解锁；海外页标EMUI 15.0(AOSP兼容)；国行可能升级HarmonyOS NEXT,static_inferred
荣耀,荣耀V30,OXF-AN00,Kirin 990,麒麟990(4G+巴龙5000),2×Cortex-A76@2.86+2×Cortex-A76@2.09+4×Cortex-A55@1.86,8,3,2860,Mali-G76 MP16,mali,4200,40,10,,2019,A,电量/电池温度/内存/传感器/CPU峰值频率,+CPU占用/结温/分核频率/输入功率/thermal_zone(需回退virtual路径),+GPU频率占用/cooling/全sysfs,华为thermal路径可能需回退/sys/devices/virtual/thermal/；无BL解锁；4G版麒麟990+外挂巴龙5000 5G基带，中核频率2.09GHz低于5G版,static_inferred
荣耀,荣耀V30 Pro,OXF-AN10,Kirin 990 5G,麒麟990 5G,2×Cortex-A76@2.86+2×Cortex-A76@2.36+4×Cortex-A55@1.95,8,3,2860,Mali-G76 MP16,mali,4100,40,10,,2019,A,电量/电池温度/内存/传感器/CPU峰值频率,+CPU占用/结温/分核频率/输入功率/thermal_zone(需回退virtual路径),+GPU频率占用/cooling/全sysfs,华为thermal路径可能需回退/sys/devices/virtual/thermal/；无BL解锁,static_inferred
荣耀,荣耀30,BMH-AN10,Kirin 985,麒麟985,1×Cortex-A76@2.58+3×Cortex-A76@2.40+4×Cortex-A55@1.84,8,3,2580,Mali-G77 MP8,mali,4000,40,10,,2020,A,电量/电池温度/内存/传感器/CPU峰值频率,+CPU占用/结温/分核频率/输入功率/thermal_zone(需回退virtual路径),+GPU频率占用/cooling/全sysfs,华为thermal路径可能需回退/sys/devices/virtual/thermal/；无BL解锁,static_inferred
荣耀,荣耀30 Pro,EBG-AN00,Kirin 990 5G,麒麟990 5G,2×Cortex-A76@2.86+2×Cortex-A76@2.36+4×Cortex-A55@1.95,8,3,2860,Mali-G76 MP16,mali,4000,40,10,,2020,A,电量/电池温度/内存/传感器/CPU峰值频率,+CPU占用/结温/分核频率/输入功率/thermal_zone(需回退virtual路径),+GPU频率占用/cooling/全sysfs,华为thermal路径可能需回退/sys/devices/virtual/thermal/；无BL解锁,static_inferred
荣耀,荣耀30 Pro+,EBG-AN10,Kirin 990 5G,麒麟990 5G,2×Cortex-A76@2.86+2×Cortex-A76@2.36+4×Cortex-A55@1.95,8,3,2860,Mali-G76 MP16,mali,4000,40,10,,2020,A,电量/电池温度/内存/传感器/CPU峰值频率,+CPU占用/结温/分核频率/输入功率/thermal_zone(需回退virtual路径),+GPU频率占用/cooling/全sysfs,华为thermal路径可能需回退/sys/devices/virtual/thermal/；无BL解锁,static_inferred
荣耀,荣耀Play4 Pro,OXP-AN00,Kirin 990,麒麟990(4G+巴龙5000),2×Cortex-A76@2.86+2×Cortex-A76@2.09+4×Cortex-A55@1.86,8,3,2860,Mali-G76 MP16,mali,4200,40,10,,2020,A,电量/电池温度/内存/传感器/CPU峰值频率,+CPU占用/结温/分核频率/输入功率/thermal_zone(需回退virtual路径),+GPU频率占用/cooling/全sysfs,华为thermal路径可能需回退/sys/devices/virtual/thermal/；无BL解锁；4G版麒麟990+外挂巴龙5000 5G基带,static_inferred
荣耀,荣耀Magic 2,TNY-AL00,Kirin 980,麒麟980,2×Cortex-A76@2.60+2×Cortex-A76@1.92+4×Cortex-A55@1.80,8,3,2600,Mali-G76 MP10,mali,3500,40,9,,2018,A,电量/电池温度/内存/传感器/CPU峰值频率,+CPU占用/结温/分核频率/输入功率/thermal_zone(需回退virtual路径),+GPU频率占用/cooling/全sysfs,华为thermal路径可能需回退/sys/devices/virtual/thermal/；无BL解锁,static_inferred
